Metric,Value
Accuracy,0.7948973490133546
Sensitivity,0.7216338880484114
Specificity,0.8427818061964404
AUC,0.8744052528230233
