Metric,Value
Accuracy,0.7885022692889562
Sensitivity,0.7095057034220532
Specificity,0.8407035175879397
AUC,0.8658241779238397
