Metric,Value
Accuracy,0.7724137931034483
Sensitivity,0.610204081632653
Specificity,0.8794612794612795
AUC,0.8526362262076548
