Metric,Value
Accuracy,0.797971602434077
Sensitivity,0.6877551020408164
Specificity,0.8707070707070707
AUC,0.8782951968666254
