Metric,Value
Accuracy,0.7806354009077155
Sensitivity,0.6722433460076046
Specificity,0.8522613065326633
AUC,0.8554103215698262
