Metric,Value
Accuracy,0.768762677484787
Sensitivity,0.5979591836734693
Specificity,0.8814814814814815
AUC,0.863527107812822
