Metric,Value
Accuracy,0.7830559757942511
Sensitivity,0.6653992395437263
Specificity,0.8608040201005025
AUC,0.8666962187362668
