Metric,Value
Accuracy,0.776161052421766
Sensitivity,0.6601109430156329
Specificity,0.8520105471324984
AUC,0.8731558391349543
