Metric,Value
Accuracy,0.7608132350009966
Sensitivity,0.6167423096318709
Specificity,0.8549769281476599
AUC,0.8475486759406172
