Metric,Value
Accuracy,0.7744421906693711
Sensitivity,0.6408163265306123
Specificity,0.8626262626262626
AUC,0.8603844568130282
