Metric,Value
Accuracy,0.7677895156468009
Sensitivity,0.6278366111951589
Specificity,0.8592617007251153
AUC,0.840654462070646
