Metric,Value
Accuracy,0.7723535457348407
Sensitivity,0.6
Specificity,0.8839966130397968
AUC,0.8761413004377592
