Metric,Value
Accuracy,0.7826310380267215
Sensitivity,0.7254901960784313
Specificity,0.8196443691786621
AUC,0.8594915132296216
