Metric,Value
Accuracy,0.7656731757451182
Sensitivity,0.6444444444444445
Specificity,0.8441998306519899
AUC,0.8495796738113817
