Metric,Value
Accuracy,0.7728674203494348
Sensitivity,0.6418300653594772
Specificity,0.8577476714648603
AUC,0.8504690275771613
