Metric,Value
Accuracy,0.7757942511346445
Sensitivity,0.6114068441064638
Specificity,0.8844221105527639
AUC,0.8810975027227392
